START_DATE,EXCHANGE_RATE,BRENT_PRICE_USD/L,ETHANOL_USD/L,ETHANOL_BRL/L
12-Oct-14,2.43004,0.537767239,0.444462,1.0785
20-Jan-13,2.03738,0.715262883,0.590234,1.2023
19-May-19,4.05272,0.445872933,0.425062,1.722
08-Jan-23,5.1769,0.506997427,0.524184,2.7081
23-Mar-14,2.2934,0.670142842,0.579152,1.3282
08-Mar-15,3.14042,0.355425286,0.378958,1.1946
29-Apr-18,3.52074,0.468101166,0.4292425,1.51325
15-Feb-15,2.84762,0.380961965,0.46203,1.3215
08-Mar-26,5.20256,0.604804166,0.584828,3.0462
23-Aug-15,3.5753,0.273783391,0.30906,1.1064
13-Feb-11,1.66638,0.646631486,0.740176,1.2343
17-Oct-21,5.5978,0.534534270,0.647572,3.619
08-Jul-18,3.8543,0.473560731,0.3987425,1.5365
27-Apr-14,2.22774,0.686534119,0.5354375,1.193375
22-Nov-20,5.35884,0.292011297,0.39808,2.1335
11-Jan-15,2.63466,0.292967350,0.461156,1.2152
10-Dec-17,3.31584,0.404775233,0.546202,1.8116
04-Aug-19,3.9552,0.360582941,0.456462,1.8036
09-Nov-14,2.56504,0.502569392,0.448598,1.1545
25-Aug-13,2.36924,0.725329744,0.442576,1.0501
17-May-15,3.03478,0.404498481,0.38081,1.1569
17-Oct-10,1.68346,0.512155082,0.60989,1.0277
24-Nov-24,5.87204,0.466478391,0.46182,2.7264
15-Sep-19,4.11704,0.412335600,0.437084,1.7999
15-Oct-17,3.177,0.363400781,0.505764,1.6047
03-Oct-21,5.48694,0.515840918,0.62156,3.4089
25-Apr-21,5.41264,0.421191670,0.503316,2.7253
05-Apr-20,5.16266,0.141725424,0.2797325,1.451625
23-Jan-22,5.4499,0.566863957,0.59018,3.2071
18-Apr-21,5.53082,0.411002157,0.4981575,2.749125
08-Jun-25,5.5519,0.446917044,0.474468,2.6346
05-Mar-17,3.14406,0.332001988,0.49646,1.5621
22-Jul-12,2.03216,0.655273702,0.54363,1.1055
08-Feb-26,5.19838,0.444665287,0.60058,3.1232
18-Nov-12,2.08642,0.693484373,0.5583125,1.165875
10-Jan-16,4.02646,0.183033833,0.448726,1.8068
12-Sep-10,1.71442,0.493361092,0.535316,0.9186
16-Oct-11,1.76798,0.701139087,0.723412,1.2836
19-Jun-11,1.59078,0.692987477,0.751855,1.198625
29-Dec-24,6.18016,0.474378408,0.44956,2.776333333
09-Aug-15,3.48564,0.301559247,0.31791,1.1073
14-Nov-10,1.72324,0.527967695,0.60993,1.051625
17-Mar-24,5.00212,0.540157371,0.455864,2.2792
29-Mar-26,5.18314,0.779529144,0.5773825,2.998125
19-Mar-23,5.2545,0.466981577,0.531256,2.7881
08-May-22,5.11912,0.675728204,0.675228,3.4596
29-Nov-15,3.82588,0.266763949,0.428888,1.6358
28-Nov-10,1.70664,0.554133357,0.647778,1.1054
07-Feb-16,3.93352,0.191273500,0.464986667,1.8455
13-Jul-25,5.56662,0.444413694,0.471734,2.6268
19-Jul-15,3.24488,0.350682760,0.345906,1.1225
10-Apr-16,3.53366,0.266373980,0.375712,1.3146
23-Sep-12,2.02822,0.694107065,0.535618,1.0873
09-Jun-24,5.3686,0.507198702,0.45713,2.4568
17-Jan-21,5.3504,0.347386893,0.407718,2.1843
19-Mar-17,3.10014,0.315132684,0.515604,1.5973
20-Apr-25,5.71894,0.428978470,0.490945,2.79875
25-Jan-15,2.60676,0.294137257,0.51289,1.3359
24-Mar-19,3.91166,0.422977979,0.436684,1.7029
30-Jun-19,3.837,0.401542264,0.446732,1.7091
30-Jul-23,4.81478,0.538584916,0.461564,2.2228
23-Mar-25,5.73058,0.467648298,0.493668,2.8339
26-May-24,5.19018,0.508956707,0.4658875,2.421625
28-Jul-24,5.67958,0.504833729,0.4802,2.724
28-Oct-18,3.6982,0.466000365,0.4895975,1.811625
20-Jun-21,4.96464,0.474290351,0.578336,2.8693
28-Aug-22,5.13742,0.606779171,0.469468,2.4166
02-Jun-13,2.1329,0.647373685,0.491604,1.0476
01-Apr-18,3.33518,0.424097568,0.517468,1.7284
04-Apr-21,5.62108,0.391428230,0.434608,2.4484
16-Jul-23,4.8002,0.499915087,0.458432,2.1991
05-Feb-23,5.22264,0.523929629,0.530846,2.7665
11-Aug-13,2.3185,0.696446879,0.435192,1.0141
14-Jan-18,3.2174,0.436438199,0.596748,1.9171
20-Sep-15,4.05242,0.297722455,0.304678,1.2292
28-Sep-14,2.46878,0.587507155,0.441056,1.089
09-Oct-22,5.25888,0.595168158,0.534615,2.814625
07-Apr-24,5.06428,0.578713983,0.494212,2.5041
27-Aug-23,4.89676,0.548069968,0.471116,2.3068
18-Jun-17,3.3213,0.280689616,0.412746,1.3722
27-Oct-19,3.99496,0.378810846,0.482612,1.9291
26-Mar-23,5.14656,0.490631309,0.550184,2.826
17-Nov-13,2.28142,0.687628548,0.5071325,1.15825
17-Sep-17,3.12842,0.358733733,0.47984,1.5041
07-Jan-18,3.23156,0.436953965,0.593616,1.9164
12-Nov-23,4.88204,0.515312573,0.458975,2.24275
10-Jul-11,1.57434,0.740450477,0.74804,1.1804
16-Mar-25,5.68108,0.454188078,0.50595,2.8719
12-May-24,5.13366,0.513312409,0.469298,2.4079
07-Jul-13,2.26608,0.680923598,0.4708425,1.065625
17-Dec-23,4.88456,0.504154428,0.40773,1.9912
26-Apr-20,5.50928,0.107216313,0.2537525,1.395125
18-Dec-16,3.33062,0.338480505,0.543336,1.8052
11-Feb-18,3.25968,0.394485084,0.594676667,1.92
06-Jul-14,2.21756,0.673212275,0.5268,1.16975
22-Jan-12,1.75154,0.686722814,0.65548,1.145125
24-Mar-24,4.9944,0.539666765,0.47952,2.391625
28-Jan-18,3.18426,0.427733085,0.597088,1.9
06-Jul-25,5.49736,0.451445716,0.479848,2.6396
10-Jul-22,5.3893,0.690622504,0.560842,3.0344
09-Dec-18,3.89558,0.374307333,0.447526,1.7425
06-Mar-22,5.05168,0.769157227,0.6436,3.2454
18-Aug-13,2.40698,0.698925069,0.423996,1.0206
20-Feb-11,1.66512,0.694978206,0.767892,1.2814
27-Jan-13,1.98932,0.724159837,0.61135,1.2168
03-May-15,3.03976,0.408876197,0.385894,1.1738
03-Jun-18,3.80254,0.465308484,0.463894,1.7627
27-Mar-22,4.74748,0.699805644,0.734196,3.4862
02-Oct-11,1.83448,0.654342808,0.686392,1.2572
12-Feb-23,5.19642,0.529426934,0.543368,2.8234
12-May-19,4.0066,0.461182361,0.438252,1.7605
25-Oct-15,3.87588,0.296565128,0.401386,1.5616
19-Jun-22,5.174,0.734852535,0.60464,3.143
22-Mar-26,5.2376,0.699692428,0.57928,3.0354
13-Jan-19,3.73476,0.376320076,0.448422,1.6728
02-Apr-17,3.11214,0.335109160,0.480264,1.4996
22-Dec-19,4.06792,0.432299496,0.5131,2.084166667
06-Oct-24,5.56298,0.499047092,0.473104,2.6311
26-Sep-10,1.69938,0.502053627,0.595464,1.0116
10-Nov-19,4.17856,0.393516451,0.468245,1.953
23-Feb-25,5.79838,0.467031896,0.507126,2.945
07-Jun-20,4.93656,0.248561203,0.3512225,1.731625
11-Nov-12,2.06474,0.686332845,0.56335,1.165125
07-Feb-10,1.85696,0.445646499,0.629558,1.1687
20-Oct-19,4.0573,0.382094133,0.4637,1.8808
11-Feb-24,4.96332,0.531137766,0.44807,2.226166667
12-Apr-15,3.06652,0.371841723,0.395088,1.2069
20-Nov-11,1.84564,0.670903910,0.72338,1.3351
21-Jan-24,4.94312,0.517727865,0.436624,2.1576
21-Nov-21,5.60244,0.504682773,0.64646,3.6142
01-Apr-12,1.82592,0.779151755,0.689875,1.262125
29-Sep-24,5.45648,0.477271727,0.47168,2.5748
01-May-16,3.53112,0.277984992,0.358366,1.2638
30-Dec-12,2.04174,0.706645826,0.58629,1.195833333
01-Mar-15,2.96168,0.378131545,0.410012,1.2172
30-Apr-17,3.16828,0.306339512,0.482265,1.527375
21-Jun-15,3.09994,0.382697956,0.362604,1.1245
31-Oct-10,1.69362,0.538383641,0.6066075,1.02525
19-May-13,2.0434,0.643436256,0.4999475,1.0215
26-Feb-17,3.11694,0.342178920,0.52062,1.6235
07-Aug-11,1.61844,0.662343462,0.739338,1.193
17-Feb-13,1.96442,0.725216527,0.66767,1.3125
29-Aug-10,1.74164,0.474315510,0.507018,0.885
26-Jan-14,2.42114,0.684546535,0.505166,1.2244
29-May-16,3.59072,0.307603766,0.40826,1.4612
06-Nov-16,3.26496,0.271041029,0.558266,1.8252
06-May-18,3.57582,0.479875713,0.439752,1.5724
18-Oct-15,3.91154,0.294426588,0.379656,1.4844
18-Jul-21,5.2088,0.454137760,0.572154,2.9848
02-Jan-11,1.67126,0.595784561,0.694588,1.1611
02-Jul-17,3.30106,0.302993326,0.401308,1.3231
02-Jun-19,3.87044,0.397177128,0.443104,1.7197
30-Mar-25,5.70688,0.469447188,0.500658,2.8581
09-Feb-20,4.3267,0.348003296,0.50246,2.175
28-Feb-16,3.87484,0.228182178,0.48759,1.8925
13-Apr-14,2.23328,0.686030933,0.6081725,1.3585
19-Aug-12,2.02056,0.730260965,0.534742,1.0805
19-Jun-16,3.38208,0.302678835,0.412294,1.3933
28-Jul-13,2.28354,0.683112456,0.447424,1.021
10-May-20,5.85,0.177259776,0.248584,1.4557
13-Mar-16,3.67624,0.242133005,0.508862,1.8707
01-Jan-17,3.22722,0.346742186,0.592108,1.9164
28-Aug-11,1.6003,0.725480700,0.798,1.2798
31-May-15,3.14398,0.389327429,0.370535,1.166375
28-May-23,5.03058,0.464723531,0.53467,2.6841
20-Mar-16,3.65582,0.247850453,0.492605,1.793375
07-Aug-16,3.1495,0.274424953,0.479784,1.5112
29-Jun-25,5.4305,0.437809381,0.496132,2.6943
24-Aug-25,5.4229,0.426915408,0.519472,2.8151
13-Oct-24,5.6589,0.469120117,0.473826,2.6782
26-Feb-23,5.20758,0.525854315,0.550346,2.8633
16-Feb-20,4.35892,0.368671652,0.504664,2.2032
05-May-19,3.95862,0.448162428,0.423856,1.6738
27-May-18,3.7214,0.473922396,0.46757,1.751875
20-Aug-23,4.91226,0.532836018,0.46552,2.2823
26-Nov-17,3.24014,0.400850384,0.54549,1.7684
23-May-10,1.84618,0.445256530,0.406388,0.7496
29-Mar-20,5.2344,0.117720317,0.264524,1.3862
19-Jul-20,5.19254,0.274034984,0.32792,1.709
04-Aug-13,2.28766,0.682797965,0.444232,1.0186
10-Apr-11,1.58308,0.777245938,0.905962,1.4355
17-Aug-14,2.26052,0.628227465,0.504512,1.1417
22-Aug-10,1.7605,0.458012290,0.499668,0.8808
20-Jun-10,1.77798,0.482064571,0.439494,0.7836
24-Oct-21,5.6013,0.529074704,0.696954,3.8973
30-Aug-20,5.35554,0.273556957,0.350542,1.8798
02-Oct-22,5.19508,0.595394592,0.514268,2.6697
24-Mar-13,2.01412,0.677303805,0.6235775,1.2565
08-Dec-19,4.1189,0.418260613,0.499886,2.0598
22-Aug-21,5.2693,0.446678030,0.617636,3.2465
08-Dec-13,2.32742,0.686244787,0.529772,1.2341
20-Sep-20,5.51078,0.257190840,0.342756,1.8854
25-Feb-24,4.96052,0.529955279,0.448126,2.2235
29-Jan-17,3.13122,0.349298999,0.577036,1.8055
25-Nov-12,2.09268,0.690723141,0.566458,1.1868
03-Nov-13,2.28672,0.657525458,0.484912,1.1095
30-Jan-22,5.2961,0.583531987,0.562392,2.9779
20-Apr-14,2.2349,0.686886349,0.581595,1.2975
16-Jan-11,1.67376,0.612251316,0.690768,1.1573
16-Dec-18,3.88092,0.343701057,0.44633,1.7328
04-Dec-16,3.39906,0.328706121,0.53667,1.8244
11-Oct-15,3.81932,0.308163561,0.3848525,1.475
04-Nov-18,3.74664,0.442451270,0.466286,1.7432
10-Nov-24,5.78874,0.458465158,0.4748625,2.74425
15-Dec-19,4.06834,0.433381346,0.503392,2.0488
04-Feb-24,4.97606,0.512658268,0.45408,2.2575
02-Apr-23,5.06382,0.540861831,0.5712525,2.8955
15-Sep-24,5.4777,0.471636046,0.46541,2.5494
21-Apr-13,2.01278,0.632806456,0.615676,1.2397
02-Aug-20,5.34534,0.278991364,0.325986,1.7407
30-Jun-24,5.5781,0.553630171,0.474234,2.6364
01-Sep-19,4.11342,0.378823426,0.428628,1.769
30-May-21,5.12016,0.444438853,0.5976225,3.063125
17-Jul-16,3.26586,0.284425771,0.453404,1.478
13-Jun-21,5.04236,0.459848918,0.580514,2.9321
10-Mar-13,1.96496,0.681879651,0.655894,1.2923
15-Jul-18,3.84362,0.448275645,0.398182,1.5275
01-Jan-12,1.84112,0.707667923,0.6734,1.2418
24-May-20,5.3967,0.211982741,0.296146,1.5863
08-Jan-17,3.19618,0.339751049,0.597872,1.908
21-Jul-24,5.60654,0.519010988,0.47487,2.6711
27-Nov-16,3.42058,0.306817539,0.519422,1.7763
24-Nov-19,4.24314,0.407203105,0.482708,2.043
07-Dec-14,2.62708,0.403039242,0.458616,1.204
08-Jun-14,2.22948,0.698031915,0.51491,1.1485
31-Mar-19,3.86226,0.437394252,0.444428,1.717
26-Feb-12,1.71148,0.785473026,0.71497,1.2256
07-Apr-13,1.9786,0.649411587,0.676542,1.3395
05-Sep-10,1.72374,0.485369873,0.5193675,0.895125
24-May-15,3.15024,0.387264368,0.362808,1.1422
13-May-12,1.99898,0.691037632,0.59847,1.1977
08-Aug-10,1.76452,0.491901854,0.503414,0.8883
31-Jul-22,5.21546,0.644983552,0.57015,2.9789
04-Mar-18,3.24342,0.409593237,0.597594,1.9378
17-Jun-18,3.75784,0.466176480,0.437728,1.6468
25-Dec-22,5.2448,0.515655368,0.5653,2.97125
11-Apr-10,1.75282,0.536106726,0.509352,0.8938
07-Oct-18,3.78276,0.522382333,0.5054525,1.89525
19-Oct-25,5.38016,0.397655154,0.529568,2.8534
02-Dec-12,2.09738,0.686081252,0.567832,1.1925
01-Mar-20,4.562,0.318906577,0.473306,2.1622
07-Jan-24,4.88008,0.493122079,0.399714,1.9505
25-Mar-12,1.82114,0.782642606,0.693446,1.2633
23-Dec-18,3.88978,0.322856586,0.44429,1.7315
15-Jul-12,2.02722,0.662947285,0.544338,1.1026
29-Aug-21,5.16934,0.458314202,0.63538,3.2919
22-Jun-25,5.51162,0.440048557,0.49294,2.7174
02-Sep-18,4.1297,0.482077151,0.42238,1.747625
07-Aug-22,5.10838,0.658192179,0.566642,2.8981
12-Jun-22,5.10826,0.786756150,0.6074325,3.102
09-Apr-17,3.14344,0.344870964,0.486085,1.5285
10-Apr-22,4.69222,0.663041632,0.8437675,3.952875
20-Jul-14,2.21812,0.668872298,0.515316,1.1442
20-May-12,2.03626,0.680206558,0.57013,1.1629
16-Nov-14,2.57358,0.488228597,0.4538375,1.16675
25-Sep-16,3.23774,0.294011460,0.51386,1.6657
03-Apr-11,1.59786,0.773836855,0.896274,1.4322
18-Nov-18,3.78046,0.385050350,0.448525,1.700875
11-Dec-22,5.30082,0.508230233,0.522206,2.7762
18-Jan-26,5.32976,0.421330046,0.595446,3.1713
21-Feb-10,1.81836,0.479448005,0.583526,1.0617
16-Nov-25,5.33644,0.400309459,0.55341,2.95775
18-Oct-20,5.5923,0.257870140,0.376264,2.1097
11-Aug-19,3.99124,0.366394737,0.454178,1.814
26-Jan-25,5.87784,0.486656142,0.498752,2.9295
20-Jul-25,5.54778,0.440828495,0.475864,2.6402
03-Mar-24,4.94858,0.538610075,0.439032,2.1742
14-Jul-13,2.23662,0.688182053,0.46209,1.0335
15-May-11,1.621,0.704585910,0.634628,1.0278
29-Sep-13,2.2111,0.683288571,0.497254,1.0988
31-Jan-16,3.9423,0.202431645,0.468166,1.8424
01-Jul-18,3.9003,0.480089567,0.394404,1.5425
14-Aug-22,5.15572,0.608389365,0.523492,2.6967
01-Nov-15,3.79782,0.297068314,0.4383,1.657
22-Dec-13,2.35774,0.702667514,0.51806,1.219666667
04-Nov-12,2.03762,0.677929642,0.546572,1.1144
27-Sep-20,5.6489,0.251555159,0.34123,1.9244
05-Oct-25,5.37008,0.419216666,0.522658,2.8094
07-Jun-15,3.11238,0.397755791,0.373794,1.1622
24-Jul-22,5.29272,0.687326637,0.57681,3.035
08-Apr-18,3.40082,0.448112110,0.46944,1.5971
11-Apr-21,5.6579,0.406863454,0.465018,2.6321
18-May-25,5.65588,0.414272865,0.493422,2.7907
06-Mar-11,1.65656,0.719845019,0.850806667,1.4135
23-Apr-23,5.03648,0.511966387,0.612894,3.081
25-Sep-11,1.8283,0.677363558,0.665794,1.225
21-Aug-11,1.6054,0.698535100,0.803564,1.2902
30-Nov-25,5.34416,0.402435419,0.559044,2.9926
31-Aug-25,5.44254,0.420499789,0.5289,2.8811
14-Aug-16,3.20562,0.305697950,0.468044,1.5
28-Dec-25,5.49062,0.391116884,0.55383,3.0435
23-Jul-17,3.15274,0.314176631,0.453202,1.4272
24-Jun-18,3.82244,0.473233661,0.410924,1.5749
24-Feb-13,1.9793,0.707089259,0.664022,1.3137
06-Nov-11,1.75508,0.721316837,0.753534,1.3206
16-Oct-22,5.2426,0.572600275,0.534456,2.8004
08-Oct-23,5.07822,0.569077975,0.4516225,2.296625
16-Sep-12,2.02472,0.703403423,0.538726,1.0906
29-Nov-20,5.23304,0.300829628,0.405824,2.1177
09-Jul-17,3.2271,0.296275796,0.413682,1.333
29-Jul-18,3.73792,0.461496852,0.391228,1.463
11-May-25,5.64284,0.412209803,0.49542,2.8004
16-Dec-12,2.07784,0.690572185,0.56883,1.1821
14-Apr-24,5.23082,0.563530352,0.49248,2.573
06-Nov-22,5.21434,0.604313560,0.56115,2.9431
01-Feb-15,2.72984,0.343524942,0.492316,1.3456
27-May-12,2.0094,0.650823652,0.57087,1.1471
28-Nov-21,5.64404,0.446577393,0.625074,3.5322
24-Jan-16,4.06976,0.199689283,0.4459125,1.810875
15-Feb-26,5.21558,0.450703517,0.58644,3.059166667
22-Mar-15,3.17838,0.346028292,0.377676,1.2007
25-Mar-18,3.319,0.431780586,0.56462,1.87225
22-Oct-17,3.2482,0.368432639,0.505336,1.642
11-May-14,2.21386,0.688936831,0.509438,1.1285
17-Aug-25,5.45552,0.426588337,0.51032,2.7875
09-Feb-14,2.40246,0.686370584,0.546228,1.3134
09-Oct-11,1.75518,0.701856127,0.727255,1.274625
25-Dec-16,3.2661,0.344069012,0.55279,1.808
05-Nov-23,4.89154,0.525325970,0.466616,2.2868
11-Jan-26,5.37334,0.421392944,0.588202,3.1625
29-Oct-17,3.27494,0.383918182,0.5045075,1.65475
13-Aug-17,3.1694,0.318151799,0.469578,1.4878
15-Oct-23,5.04288,0.581607301,0.461154,2.3255
22-Dec-24,6.18374,0.460556523,0.443583333,2.744166667
17-Feb-19,3.72804,0.418788958,0.501082,1.8697
20-May-18,3.65724,0.494317145,0.467624,1.7089
11-Dec-11,1.8575,0.668369112,0.704998,1.3097
19-Oct-14,2.47278,0.538295584,0.432022,1.071
31-Jan-10,1.86374,0.456263720,0.648616,1.2068
09-Nov-25,5.30092,0.395428557,0.550142,2.912
11-Aug-24,5.47726,0.518746816,0.493592,2.7034
13-Sep-15,3.86882,0.297735035,0.318816,1.2317
11-Oct-20,5.58712,0.259895463,0.3691325,2.070375
25-Dec-11,1.86508,0.678986332,0.66692,1.24425
08-Oct-17,3.16406,0.353525760,0.49962,1.584
09-Jun-13,2.14228,0.650317322,0.498928,1.07
13-Mar-11,1.66932,0.708649135,0.916786,1.5329
22-Sep-13,2.22306,0.684345261,0.489818,1.0901
25-Jun-23,4.81536,0.462616440,0.543192,2.6132
15-Mar-15,3.2544,0.331599439,0.354758,1.1521
03-Mar-19,3.82254,0.407165366,0.497346667,1.9235
07-Apr-19,3.85178,0.448640455,0.50936,1.9625
19-Nov-17,3.23882,0.394233491,0.5405525,1.748
21-Aug-16,3.22282,0.306025021,0.461376,1.4908
23-Nov-14,2.5302,0.481989093,0.461742,1.1708
19-Dec-10,1.6977,0.584324505,0.671485,1.1405
29-Jan-23,5.08362,0.514947763,0.554766,2.8241
30-May-10,1.82564,0.457301540,0.404235,0.742
26-Jun-11,1.57148,0.685791920,0.764074,1.2018
11-Sep-11,1.71176,0.723203784,0.730156,1.2538
25-Oct-20,5.70818,0.238422009,0.36882,2.1051
22-May-11,1.62226,0.713303603,0.65658,1.064
05-Jul-15,3.19284,0.356205224,0.362345,1.15275
03-Feb-19,3.70168,0.388119783,0.444748,1.6435
14-Oct-12,2.03106,0.714473510,0.518854,1.054
20-Oct-13,2.18048,0.678181235,0.5055,1.1054
02-Nov-25,5.36076,0.404435583,0.540016,2.8943
09-Dec-12,2.08016,0.686194469,0.568546,1.1828
30-Apr-23,5.00324,0.477762333,0.5739875,2.866625
24-Nov-13,2.3077,0.700151585,0.511566,1.182
21-Sep-25,5.32846,0.435381509,0.53145,2.8333
09-Oct-16,3.20966,0.314126312,0.5715575,1.826625
22-Mar-20,5.07382,0.150716725,0.303556,1.5365
01-Aug-10,1.7552,0.520130577,0.508712,0.8936
23-Jul-23,4.73182,0.525502085,0.47014,2.2278
13-Jun-10,1.7863,0.479397687,0.429666,0.7699
03-Jul-22,5.3605,0.714750263,0.559698,2.9929
14-Sep-14,2.3497,0.610225993,0.483178,1.1372
20-Mar-22,4.862,0.777409474,0.692984,3.3649
12-May-13,2.0221,0.647273047,0.529576,1.0717
23-Feb-14,2.33538,0.686672495,0.587272,1.3743
25-Jan-26,5.23164,0.442967035,0.605906,3.1682
14-Jun-20,5.26426,0.257555649,0.326582,1.7192
10-Jan-21,5.33612,0.348330367,0.40438,2.1516
16-Aug-20,5.53886,0.281733727,0.32397,1.7922
21-Jul-19,3.76468,0.395000849,0.473524,1.7836
17-Apr-16,3.56298,0.270713958,0.367275,1.308125
02-May-10,1.78838,0.518885192,0.431222,0.7748
16-Mar-14,2.33622,0.670067364,0.58038,1.3576
23-Jun-13,2.21238,0.637989270,0.494106,1.0922
12-Jan-25,6.05754,0.520759559,0.48037,2.9099
07-Jul-19,3.77484,0.414989905,0.455555,1.714
12-Aug-12,2.02288,0.723593753,0.53172,1.0746
28-Jun-15,3.11996,0.379628523,0.356686,1.1129
29-Dec-13,2.37172,0.683908118,0.51518,1.223166667
16-Jun-24,5.42582,0.534911659,0.463374,2.5176
23-Sep-18,4.04614,0.514796807,0.439098,1.7755
13-Aug-23,4.96906,0.540081893,0.456176,2.2716
03-Dec-17,3.26596,0.396736840,0.55363,1.805
22-Apr-18,3.4783,0.471623466,0.438896,1.5225
17-Nov-24,5.78286,0.470717732,0.473575,2.74025
30-Mar-14,2.2616,0.662079290,0.55246,1.2521
04-Sep-11,1.65682,0.729430708,0.7599425,1.2635
05-Dec-10,1.6961,0.567643895,0.659586,1.1179
26-Nov-23,4.89582,0.508934693,0.441698,2.1603
29-Mar-15,3.16956,0.344587922,0.379095,1.20525
02-Dec-18,3.85768,0.380320404,0.451542,1.7456
04-Jul-21,5.19654,0.478869342,0.5707925,2.96375
18-Jun-23,4.78812,0.473359457,0.546658,2.6127
15-Sep-13,2.23646,0.691729512,0.47967,1.0693
26-Apr-15,2.9542,0.399365986,0.4070675,1.203
05-May-24,5.10124,0.522545869,0.480616,2.4549
01-May-22,5.02686,0.691628875,0.681952,3.4155
28-Feb-21,5.65966,0.414750892,0.521842,2.9613
19-May-24,5.13088,0.504695352,0.459316,2.3613
01-Jun-25,5.63584,0.422525112,0.470018,2.6439
16-Jun-13,2.20588,0.653701246,0.489128,1.0814
23-Apr-17,3.17294,0.311635543,0.492206,1.556
06-Aug-23,4.88942,0.552435105,0.445654,2.1822
30-Sep-18,3.9225,0.537415009,0.473242,1.8549
26-Aug-12,2.04074,0.710875732,0.54569,1.1132
02-Jun-24,5.26672,0.481712341,0.45794,2.4169
28-Apr-13,2.00592,0.638630831,0.58568,1.175875
16-Oct-16,3.17174,0.316591923,0.584038,1.8523
28-Apr-24,5.1344,0.539201318,0.478705,2.4515
14-Jan-24,4.91398,0.503865096,0.41123,2.0222
30-Nov-14,2.57394,0.438539000,0.465178,1.1968
26-May-13,2.0896,0.641766308,0.490055,1.025
25-Feb-18,3.2443,0.415279237,0.59844,1.9424
05-Feb-17,3.11978,0.342682106,0.57007,1.7785
14-Dec-14,2.6825,0.375967846,0.448872,1.2064
14-Feb-16,4.01606,0.203098367,0.462928,1.8616
06-Apr-25,5.95744,0.415744684,0.480566,2.8363
23-Jan-11,1.67336,0.607722644,0.6913775,1.15925
03-Feb-13,1.98066,0.736877858,0.633764,1.2563
21-Apr-19,3.94638,0.458729330,0.489056,1.929
26-Jan-20,4.23854,0.368407480,0.50882,2.1539
31-Mar-13,2.0139,0.673400970,0.63571,1.28
18-Feb-24,4.9494,0.534748124,0.454634,2.2522
17-Jul-22,5.43046,0.714108701,0.553168,3.0197
23-Oct-11,1.73802,0.700271091,0.75421,1.306
31-Jul-16,3.23278,0.257153101,0.467558,1.5092
04-Mar-12,1.7635,0.796442476,0.7069,1.2465
03-Jul-16,3.298,0.289105399,0.416164,1.3771
09-May-21,5.24528,0.432312076,0.590024,3.1057
04-Dec-11,1.79796,0.687540491,0.734956,1.3223
17-Sep-23,4.87732,0.596665136,0.468222,2.2903
31-Oct-21,5.6198,0.519048727,0.7050825,3.9465
10-Sep-17,3.11816,0.349361898,0.479744,1.4959
07-Nov-10,1.70682,0.549919176,0.60962,1.0417
20-Dec-20,5.18268,0.318296464,0.407883333,2.105666667
09-Jul-23,4.83484,0.501839773,0.471042,2.2747
16-Aug-15,3.47918,0.289319253,0.316408,1.0997
24-Oct-10,1.70792,0.517325316,0.599132,1.0233
14-Dec-25,5.48338,0.382584740,0.550402,3.0227
27-Jun-21,4.99364,0.479661859,0.576906,2.8765
21-Nov-10,1.72658,0.525231623,0.625252,1.0798
29-Jun-14,2.2108,0.693500097,0.526742,1.1662
22-Apr-12,1.8831,0.742802871,0.631928,1.1903
06-Apr-14,2.20664,0.669928988,0.56751,1.2532
02-Feb-25,5.7898,0.474252612,0.510098,2.9513
22-Oct-23,4.99132,0.565077648,0.46408,2.3228
20-Nov-22,5.37108,0.543415499,0.542936,2.9084
22-Jun-14,2.2096,0.711290860,0.522704,1.1547
10-Jun-12,2.05408,0.611458799,0.550876,1.1329
24-Feb-19,3.75258,0.406096096,0.514498,1.9283
10-Mar-19,3.82508,0.413329392,0.499066,1.9087
12-Jul-20,5.36598,0.273003453,0.31223,1.6739
01-Jul-12,2.00926,0.621450181,0.552316,1.1148
03-Sep-23,4.96574,0.574223050,0.4634575,2.304
31-Dec-17,3.25444,0.426512860,0.58136,1.8835
27-Sep-15,4.0052,0.295546177,0.340602,1.3648
15-Dec-24,6.11672,0.464151157,0.448756,2.7449
05-Jan-20,4.06684,0.427267638,0.52367,2.1311
14-Jul-24,5.49364,0.541214062,0.500858,2.7583
02-Sep-12,2.0342,0.717731638,0.5557,1.131125
06-Jan-19,3.70248,0.368810028,0.458646,1.7023
27-Apr-25,5.65866,0.399378566,0.49912,2.821625
14-Nov-21,5.517,0.513438206,0.6827475,3.787125
08-Sep-13,2.28308,0.712121117,0.468352,1.0669
15-Jun-14,2.24626,0.718838647,0.5147575,1.152125
26-Mar-17,3.13002,0.322856586,0.49313,1.5439
03-Apr-22,4.69586,0.649927353,0.774634,3.6319
14-Oct-18,3.7075,0.505739463,0.50415,1.871
14-Feb-10,1.83304,0.476768541,0.62518,1.136333333
21-Oct-18,3.6932,0.492065389,0.498012,1.8396
13-Sep-20,5.27588,0.256436061,0.345858,1.8266
13-Nov-11,1.7709,0.696220446,0.7486,1.32875
27-Nov-22,5.26312,0.534823602,0.54674,2.875
04-Jun-17,3.28228,0.297357646,0.427028,1.3997
05-Mar-23,5.16488,0.521162108,0.54173,2.8005
30-Jul-17,3.12062,0.327334939,0.461342,1.4393
09-Sep-18,4.1525,0.491285451,0.416134,1.728
26-May-19,3.98554,0.435821797,0.42568,1.6961
04-Jan-26,5.38164,0.395793367,0.579556,3.1211
12-Aug-18,3.9096,0.439180562,0.37419,1.4585
05-Aug-18,3.76962,0.449193959,0.385686,1.4593
13-Apr-25,5.84886,0.426182644,0.480295,2.812
23-Oct-16,3.14088,0.307911968,0.585306,1.84
28-Apr-19,3.93868,0.450263229,0.439275,1.73025
19-Sep-10,1.71932,0.492983703,0.553892,0.9521
17-Apr-11,1.57456,0.771981357,0.95094,1.5015
07-Feb-21,5.3718,0.384484266,0.433604,2.3331
01-Nov-20,5.63104,0.243013580,0.37773,2.109125
19-Feb-17,3.09032,0.348456163,0.541548,1.6692
23-Jun-24,5.4871,0.545428243,0.467076,2.564
06-Feb-22,5.24536,0.606552737,0.55505,2.9069
02-Feb-14,2.40162,0.677627731,0.525586,1.2621
08-Apr-12,1.82986,0.763672502,0.683408,1.2506
18-Mar-12,1.8188,0.782114261,0.691082,1.2547
20-Aug-17,3.14706,0.327246882,0.463788,1.4627
06-Sep-20,5.3059,0.248133495,0.344735,1.8355
21-Feb-21,5.47848,0.414235126,0.50616,2.7755
12-Dec-10,1.7032,0.571820338,0.66053,1.1237
19-Jan-14,2.37624,0.686471221,0.51543,1.2232
14-Aug-11,1.59362,0.688961991,0.78804,1.2552
08-Nov-15,3.79888,0.281482134,0.442942,1.6792
15-Jan-23,5.15144,0.531930284,0.51358,2.6496
08-Jul-12,2.03748,0.628240045,0.5422025,1.104875
04-Oct-20,5.57736,0.258260109,0.350302,1.9544
21-Jan-18,3.18486,0.440539164,0.596245,1.90375
01-Sep-13,2.34614,0.729776648,0.45079,1.0566
04-Oct-15,3.82174,0.322869165,0.382578,1.4675
13-Mar-22,5.07866,0.689314221,0.665184,3.3844
23-Jun-19,3.83652,0.418336090,0.435156,1.6701
20-Feb-22,5.09548,0.624981917,0.577126,2.9358
03-Mar-13,1.96388,0.691779831,0.666032,1.3086
18-Sep-11,1.82968,0.704359476,0.672674,1.2316
18-Dec-22,5.20162,0.507450295,0.565396,2.9456
16-May-10,1.84132,0.453949065,0.416564,0.7657
27-Oct-24,5.7654,0.456704007,0.468774,2.708
01-Jun-14,2.26534,0.685490009,0.503378,1.1424
15-Mar-20,5.05294,0.161359105,0.339398,1.7237
09-Jun-19,3.86106,0.397441300,0.434614,1.6804
12-Feb-12,1.7178,0.753482989,0.704038,1.2101
17-Nov-19,4.19982,0.401051658,0.46878,1.967
05-Jun-22,4.88726,0.801310799,0.652126,3.1876
10-Mar-24,4.98042,0.531615792,0.436602,2.1751
03-Oct-10,1.67774,0.527502249,0.609902,1.024
11-Jul-10,1.76668,0.476139559,0.494748,0.8744
28-Mar-10,1.7834,0.506881066,0.4552325,0.81275
03-Nov-24,5.74622,0.475711851,0.472704,2.7078
17-Apr-22,4.67054,0.671400806,0.8377975,3.92675
16-Jan-22,5.47334,0.560787989,0.610468,3.3468
10-Dec-23,4.94254,0.475372200,0.400892,1.9788
20-Nov-16,3.38598,0.292426425,0.530148,1.7919
21-Aug-22,5.10808,0.621887324,0.492412,2.5183
06-Dec-20,5.08556,0.310239202,0.414636,2.1131
01-Mar-26,5.24082,0.536408637,0.576218,3.0182
17-Jan-16,4.08726,0.174580312,0.43897,1.7957
10-Feb-19,3.73656,0.398523150,0.470646,1.757
24-Jul-16,3.27248,0.267606785,0.457138,1.4955
27-Jul-14,2.24982,0.664884550,0.506852,1.1385
24-Apr-22,4.97232,0.653638348,0.727406,3.5946
01-Feb-26,5.24188,0.439281199,0.600044,3.1478
13-Feb-22,5.16724,0.615132055,0.573592,2.9634
29-Dec-19,4.02588,0.428022417,0.523573333,2.110333333
14-May-23,4.94188,0.476466629,0.52086,2.5773
29-May-11,1.58368,0.727606660,0.667514,1.0577
15-Apr-18,3.40594,0.461622648,0.45822,1.5584
29-Jul-12,2.04006,0.674734412,0.537474,1.0973
02-May-21,5.33878,0.432362394,0.556984,2.9747
31-May-20,5.13888,0.241340487,0.32477,1.6712
30-Jun-13,2.25052,0.661579249,0.482324,1.0871
28-Mar-21,5.71538,0.400520168,0.4171725,2.382125
24-Apr-11,1.57124,0.787875738,0.878386,1.3814
08-Aug-21,5.23038,0.447168636,0.612864,3.2066
09-Feb-25,5.755,0.478101983,0.512032,2.9482
11-Sep-16,3.30598,0.290640115,0.474972,1.5642
11-Mar-12,1.80846,0.793913968,0.694516,1.2529
05-Apr-15,3.08094,0.355450446,0.387302,1.1973
27-Mar-16,3.60342,0.232723430,0.44192,1.5962
28-May-17,3.2484,0.315962940,0.435082,1.4156
21-Mar-21,5.58242,0.393151641,0.424248,2.3786
27-Nov-11,1.8209,0.692220119,0.729294,1.3281
08-Mar-20,4.74156,0.212117972,0.422406,2.009
05-Nov-17,3.26288,0.404347525,0.518278,1.6931
07-May-17,3.16106,0.301936636,0.467376,1.4791
08-May-11,1.62086,0.720360784,0.627844,1.0172
12-Jun-16,3.47052,0.298062106,0.407868,1.4132
20-Oct-24,5.70142,0.469786838,0.470982,2.6826
25-Nov-18,3.87184,0.368898086,0.43777,1.6935
27-Mar-11,1.63734,0.732701416,0.938338,1.537
08-Jan-12,1.80558,0.703051193,0.701232,1.2649
08-Sep-24,5.62,0.453508777,0.450374,2.5289
19-Feb-12,1.71082,0.775755250,0.712083333,1.216
12-Dec-21,5.67632,0.463949883,0.602574,3.4279
09-Jan-22,5.57648,0.535062615,0.611966,3.4055
09-Apr-23,4.9737,0.548485096,0.604008,3.0029
05-May-13,2.00988,0.652720034,0.56384,1.1352
08-Feb-15,2.82796,0.355790096,0.471004,1.3325
06-Jun-21,5.0639,0.449458132,0.60531,3.0662
11-Nov-18,3.77176,0.416436564,0.45276,1.708375
05-Jul-20,5.33634,0.270839754,0.312452,1.6699
18-Sep-22,5.18392,0.558033047,0.481524,2.4898
13-Dec-15,3.91564,0.231691899,0.421574,1.6467
06-Sep-15,3.82838,0.299370389,0.3094725,1.18825
15-Jan-17,3.20888,0.340870637,0.58386,1.873
24-Dec-23,4.8439,0.499930812,0.413483333,2
07-Dec-25,5.43254,0.393768044,0.553732,3.0072
06-Jun-10,1.83648,0.457660060,0.40041,0.7373
24-Dec-17,3.31048,0.415395598,0.553186667,1.832333333
09-Aug-20,5.41842,0.280136112,0.320188,1.7365
27-Feb-22,5.12246,0.719769541,0.58854,2.984333333
16-Apr-23,5.01208,0.532244775,0.638115,3.1965
22-Feb-26,5.14556,0.448816570,0.575184,2.96
22-Jul-18,3.7368,0.465446860,0.403968,1.51
21-Dec-25,5.5383,0.398334455,0.544346667,3.023666667
24-Apr-16,3.50994,0.279670665,0.367688,1.289
12-Nov-17,3.28976,0.386975036,0.5312975,1.744875
25-May-25,5.68294,0.407203105,0.476212,2.7051
03-May-20,5.67234,0.149093951,0.255738,1.4544
22-Jan-23,5.11936,0.540320907,0.545342,2.7915
28-Dec-14,2.67344,0.352403027,0.449726667,1.206833333
13-Jan-13,2.03894,0.700346569,0.585492,1.1944
17-Jul-11,1.5642,0.743444433,0.756808,1.183
03-Jan-16,4.03736,0.215074188,0.429714,1.7305
12-Jun-11,1.59412,0.734575783,0.74697,1.1917
21-Sep-14,2.40812,0.597596030,0.462136,1.112
14-Jun-15,3.08496,0.381502890,0.37257,1.1503
15-Jun-25,5.49628,0.492153447,0.4849025,2.6695
11-Dec-16,3.35876,0.334983363,0.543804,1.8243
07-May-23,4.96304,0.478240359,0.553954,2.7503
17-Mar-19,3.81482,0.423581802,0.482836,1.8362
22-May-16,3.5848,0.306528207,0.3927175,1.410375
07-Jul-24,5.43514,0.545981747,0.50798,2.7617
16-May-21,5.27338,0.424449798,0.563364,2.9797
09-Mar-25,5.795,0.449986477,0.50153,2.9097
07-Mar-21,5.6641,0.428676558,0.526654,2.9813
16-Sep-18,4.1105,0.496682119,0.425484,1.7436
13-Jul-14,2.22758,0.662871807,0.524842,1.169
19-Jan-25,5.95496,0.502657450,0.489894,2.9238
04-Apr-10,1.76604,0.527615465,0.53584,0.9479
02-Jan-22,5.67046,0.506343286,0.601966,3.4143
12-Oct-25,5.45184,0.392220748,0.521518,2.8405
27-Jul-25,5.58172,0.455433463,0.489846,2.7322
11-Jun-23,4.84368,0.467887312,0.547688,2.6484
24-Sep-17,3.17238,0.369527068,0.480714,1.5252
21-Dec-14,2.68756,0.369165403,0.448636667,1.203166667
07-Nov-21,5.48468,0.524508293,0.710536,3.8907
19-Sep-21,5.30394,0.473749426,0.630562,3.353
28-Oct-12,2.03022,0.684647172,0.5241775,1.06475
22-Nov-15,3.7411,0.274563329,0.441172,1.653
02-Mar-25,5.82916,0.452426928,0.50832,2.933333333
02-Mar-14,2.33064,0.686483801,0.593723333,1.382333333
25-Sep-22,5.38192,0.548950543,0.479818,2.5807
21-Jun-20,5.3007,0.262247857,0.317006,1.6807
21-May-23,4.97542,0.481058200,0.528092,2.632
10-Jun-18,3.70458,0.467082214,0.461242,1.7222
05-Jan-25,6.09642,0.491461566,0.466492,2.8443
28-Sep-25,5.34032,0.422374156,0.530642,2.8265
30-Dec-18,3.80618,0.341600257,0.459853333,1.729666667
25-Apr-10,1.74598,0.540811513,0.45276,0.7905
04-May-14,2.22062,0.682319938,0.503748,1.1206
26-Oct-14,2.46152,0.538144628,0.433172,1.0695
06-Dec-15,3.78938,0.243806097,0.432388,1.6422
02-Feb-20,4.26406,0.343386566,0.509186,2.1737
28-Jan-24,4.94668,0.519350639,0.461382,2.2814
18-Aug-24,5.48578,0.500481171,0.48169,2.641
14-Apr-13,1.9995,0.616981263,0.67176,1.3457
18-Dec-11,1.85626,0.677552253,0.690672,1.2816
28-Feb-10,1.78464,0.489738155,0.559118,1.0006
05-Feb-12,1.72026,0.737217508,0.661946,1.1404
15-May-16,3.53362,0.304024857,0.382904,1.3518
30-Oct-16,3.22322,0.280689616,0.5688075,1.831625
10-Aug-14,2.27372,0.641184499,0.498598,1.1338
11-Jul-21,5.12892,0.476768541,0.588958,3.0221
27-Jun-10,1.79098,0.464553706,0.43249,0.7757
04-Jul-10,1.76562,0.465148094,0.454615,0.805625
12-Mar-23,5.27244,0.471598307,0.53059,2.7946
08-May-16,3.49826,0.284299974,0.37682,1.3137
04-Dec-22,5.23162,0.494103291,0.538242,2.8216
21-Apr-24,5.1673,0.556850560,0.469672,2.417
22-Jan-17,3.17012,0.345348991,0.5799675,1.83675
18-Sep-16,3.23906,0.290828810,0.505476,1.6369
17-Mar-13,1.99416,0.675074063,0.629272,1.2571
12-Apr-26,4.99764,0.719756961,0.542088,2.7056
15-Mar-26,5.2398,0.700673640,0.580382,3.0408
31-Mar-24,5.05086,0.562976847,0.483254,2.4429
04-Jun-23,4.90884,0.478403895,0.5386475,2.644875
26-Aug-18,4.12942,0.478504532,0.402,1.6541
16-Jul-17,3.14998,0.301823420,0.431796,1.3601
01-Jan-23,5.3584,0.485590017,0.536994,2.8856
27-Dec-15,3.93146,0.229877286,0.426633333,1.6645
05-Jun-16,3.434,0.314138892,0.432524,1.4823
19-Aug-18,4.04028,0.457722958,0.376554,1.5259
12-Feb-17,3.09038,0.342568889,0.559602,1.7284
03-Jan-21,5.33496,0.335297855,0.399662,2.1268
09-Sep-12,2.02094,0.725895828,0.55467,1.1211
14-Mar-10,1.77636,0.497235623,0.481086,0.8543
01-Dec-19,4.1935,0.407039569,0.495174,2.0757
12-Sep-21,5.24686,0.466251958,0.633618,3.3318
08-Dec-24,6.04058,0.465648135,0.452458,2.7358
03-Aug-14,2.27918,0.651625605,0.498788,1.1371
18-Mar-18,3.29694,0.423908873,0.588362,1.9394
12-Jan-14,2.35656,0.678218974,0.52127,1.228
24-Jul-11,1.55104,0.740299521,0.760402,1.1801
18-Jan-15,2.59608,0.292115079,0.496324,1.2929
01-Oct-23,5.13638,0.568147081,0.444274,2.2841
14-Feb-21,5.39704,0.401907074,0.479286667,2.598833333
04-Jan-15,2.68614,0.311132357,0.451942,1.2136
30-Oct-22,5.12834,0.602954959,0.5783575,2.953875
13-Dec-20,5.09782,0.321082856,0.413488,2.1077
15-Nov-20,5.34578,0.270512683,0.397816,2.1321
21-Mar-10,1.79952,0.493008862,0.457642,0.8246
04-May-25,5.6908,0.390887305,0.493484,2.8109
10-May-15,3.01124,0.408222056,0.38736,1.1701
27-Aug-17,3.15174,0.328655802,0.46543,1.4683
01-Sep-24,5.61788,0.473296559,0.467102,2.6223
10-Nov-13,2.32264,0.673627403,0.4919625,1.146625
16-Feb-25,5.70242,0.478580010,0.516306,2.9486
27-Dec-20,5.2065,0.319648776,0.405163333,2.108
03-Sep-17,3.1111,0.338920792,0.4859525,1.51225
13-Oct-13,2.16846,0.692559769,0.509436,1.1076
19-Feb-23,5.17282,0.514343940,0.5457,2.820666667
20-Jan-19,3.77284,0.385830288,0.433655,1.636375
23-Oct-22,5.3056,0.585041544,0.52068,2.7688
11-Jun-17,3.29244,0.290476580,0.4265325,1.407
19-Apr-26,4.97128,0.689477756,0.5093725,2.541
31-Jul-11,1.57378,0.708573657,0.74971,1.1785
19-Jan-20,4.18554,0.391226956,0.507874,2.1246
07-Mar-10,1.77554,0.499185468,0.492318,0.8736
27-Jan-19,3.70382,0.386069301,0.43071,1.5954
26-Dec-21,5.62372,0.484266009,0.6035775,3.40125
07-Sep-14,2.28924,0.612125520,0.503152,1.1545
16-Feb-14,2.37868,0.690245114,0.568928,1.3542
12-Mar-17,3.13888,0.316340330,0.505824,1.5841
05-Jan-14,2.38042,0.673099058,0.514758,1.2255
30-Sep-12,2.02482,0.700736538,0.530964,1.0752
18-Feb-18,3.24314,0.412109166,0.594792,1.9301
26-Sep-21,5.40228,0.493398831,0.622886,3.368
25-Jul-21,5.13556,0.476479209,0.587258,3.023
14-May-17,3.1907,0.325498311,0.454806,1.4509
13-Oct-19,4.13946,0.373124847,0.450026,1.8647
06-Aug-17,3.14394,0.326844333,0.471142,1.4826
05-Aug-12,2.02166,0.707567285,0.532936,1.0777
02-Nov-14,2.52916,0.522281696,0.439796,1.1119
15-Dec-13,2.34268,0.694019008,0.520938,1.2214
23-Dec-12,2.06074,0.690701127,0.578943333,1.185666667
14-Jul-19,3.75114,0.400208822,0.462798,1.7359
12-Apr-20,5.22744,0.126060621,0.2871,1.4986
19-Apr-15,3.00404,0.386270576,0.40396,1.208875
09-Jan-11,1.68132,0.610653701,0.685986,1.1534
22-Feb-15,2.8646,0.381364514,0.443002,1.2679
19-Apr-20,5.42776,0.089541912,0.2533875,1.385
15-Jan-12,1.77266,0.689364539,0.683266,1.2099
02-Aug-15,3.50058,0.305622472,0.317774,1.1087
28-Aug-16,3.24742,0.297571500,0.463824,1.5026
29-Sep-19,4.12328,0.372495864,0.444292,1.8297
03-Aug-25,5.47452,0.428752036,0.499018,2.7299
25-Aug-19,4.15486,0.376294917,0.422004,1.7513
06-May-12,1.94228,0.702912817,0.6212,1.2074
06-Oct-19,4.0948,0.373577714,0.455064,1.8651
05-Apr-26,5.10032,0.787523508,0.566044,2.8863
15-Aug-21,5.32884,0.428198532,0.603956,3.2257
01-Oct-17,3.1435,0.352708083,0.496954,1.5645
01-Dec-24,6.0441,0.465258166,0.451796,2.7335
06-Jan-13,2.03474,0.706799927,0.587224,1.195
13-Nov-22,5.36772,0.579204589,0.53931,2.90025
25-May-14,2.22932,0.689490336,0.505876,1.1293
20-Mar-11,1.66008,0.725920987,1.003612,1.6678
22-Sep-19,4.1673,0.397214867,0.434734,1.8097
26-Jun-22,5.24548,0.756904653,0.58103,3.0491
21-Oct-12,2.0259,0.680999075,0.521812,1.0573
14-Apr-19,3.91366,0.445775441,0.525155,2.052125
16-Jun-19,3.85472,0.402787649,0.43661,1.68475
29-Jan-12,1.73764,0.699403096,0.64859,1.1241
19-Dec-21,5.70708,0.464880776,0.5976675,3.40775
31-Jan-21,5.39664,0.366206042,0.408064,2.2043
18-May-14,2.21098,0.696396561,0.513556,1.1375
15-Aug-10,1.75694,0.471384453,0.503474,0.884
08-Sep-19,4.07274,0.394610880,0.431516,1.7612
01-May-11,1.59638,0.752036330,0.71189,1.1396
03-Jul-11,1.56046,0.725782611,0.757674,1.183
23-May-21,5.28348,0.434136124,0.555176,2.9351
10-Jul-16,3.27622,0.286425934,0.427408,1.4
10-Oct-10,1.66456,0.522772302,0.6174675,1.02575
30-Oct-11,1.73582,0.690874097,0.7610225,1.313375
03-Dec-23,4.92258,0.477913289,0.422532,2.0805
15-Nov-15,3.7782,0.261304383,0.4403725,1.66825
31-Dec-23,4.8918,0.483561549,0.4031825,1.976375
10-Oct-21,5.51056,0.527514828,0.6311075,3.4745
14-Mar-21,5.57922,0.415845321,0.501958,2.8002
25-Jun-17,3.30794,0.290350783,0.406808,1.344
03-Apr-16,3.6517,0.235943819,0.375054,1.3659
19-Nov-23,4.8869,0.513375307,0.45278,2.2147
15-Apr-12,1.86196,0.737041393,0.647604,1.2084
17-Jun-12,2.04674,0.581544403,0.55338,1.1335
18-Apr-10,1.75902,0.532169297,0.4576975,0.804625
26-Oct-25,5.37084,0.408976835,0.537252,2.8858
22-Sep-24,5.46944,0.465861989,0.476598,2.6075
05-Oct-14,2.40558,0.567253926,0.447,1.0747
15-May-22,4.95128,0.710297068,0.69445,3.4381
23-Feb-20,4.43106,0.340229075,0.49442,2.2085
27-Feb-11,1.6556,0.720348205,0.834552,1.3826
09-May-10,1.78074,0.492644053,0.432438,0.771
13-May-18,3.68364,0.495348676,0.458628,1.6889
04-Aug-24,5.62032,0.495914760,0.486516,2.7337
24-Aug-14,2.26088,0.633032889,0.517094,1.1675
29-Oct-23,4.9879,0.554812658,0.463945,2.313875
25-Aug-24,5.55844,0.507764786,0.481396,2.6771
18-Jul-10,1.77276,0.482064571,0.489848,0.8685
18-Aug-19,4.05226,0.374709882,0.440708,1.7908
23-Aug-20,5.57126,0.284664784,0.339224,1.879
06-Oct-13,2.19476,0.693792574,0.503762,1.1058
06-Mar-16,3.70464,0.247164863,0.512716,1.895
02-Oct-16,3.23206,0.311497166,0.529928,1.7079
10-Feb-13,1.96544,0.742815450,0.653853333,1.284166667
04-Sep-22,5.20484,0.568788643,0.44782,2.323375
01-Dec-13,2.35872,0.706208684,0.51802,1.2244
01-Aug-21,5.19922,0.454502569,0.596714,3.1005
07-Sep-25,5.40026,0.422864763,0.53016,2.8639
13-Nov-16,3.4238,0.276789926,0.53044,1.812625
17-May-20,5.65484,0.213476574,0.26411,1.4933
28-Jun-20,5.3843,0.266072069,0.309828,1.6639
06-Feb-11,1.6681,0.628378421,0.714798,1.1931
26-Jun-16,3.27872,0.296200318,0.421838,1.3815
26-Jul-20,5.17586,0.271871285,0.340748,1.7624
17-Dec-17,3.3002,0.404838131,0.54853,1.8133
12-Jan-20,4.16586,0.403253096,0.512042,2.1298
20-Dec-15,3.97198,0.225820350,0.41465,1.652833333
09-Mar-14,2.35392,0.679376301,0.580866,1.3698
25-Jul-10,1.76412,0.485800726,0.48676,0.8587
24-Sep-23,5.0083,0.601395083,0.453828,2.2762
05-Jun-11,1.58326,0.740475636,0.701756,1.1131
29-Apr-12,1.91302,0.733858743,0.6328025,1.212125
24-Jan-21,5.41914,0.347059823,0.40662,2.2
14-Sep-25,5.3088,0.429770988,0.535808,2.8446
12-Jul-15,3.1498,0.359601728,0.365092,1.1499
28-Jul-19,3.80932,0.393654827,0.46823,1.7882
22-May-22,4.79572,0.740073088,0.693906,3.3232
03-Jun-12,2.0298,0.622881116,0.55725,1.131875
21-Feb-16,3.96508,0.208293760,0.475942,1.884
21-Jul-13,2.24056,0.681804173,0.45308,1.0157
26-Dec-10,1.67734,0.586022757,0.6916425,1.162375
04-Feb-18,3.26996,0.411958210,0.579948,1.8967
11-Mar-18,3.26942,0.403416632,0.601494,1.9666
31-Aug-14,2.24082,0.631828388,0.517754,1.1606
26-Jul-15,3.37166,0.340505828,0.329538,1.111
27-Oct-13,2.20586,0.676847793,0.497948,1.0998
04-Sep-16,3.23138,0.298804305,0.475235,1.54125
11-Sep-22,5.20754,0.574927510,0.473718,2.4599
29-May-22,4.7657,0.778201991,0.665352,3.1775
30-Jan-11,1.66842,0.631234000,0.696124,1.1628
05-Sep-21,5.2232,0.452955273,0.6276025,3.304125
10-Sep-23,4.9033,0.590413053,0.468844,2.302
10-Aug-25,5.40958,0.422462214,0.509362,2.7561
08-Nov-20,5.40546,0.263354865,0.391064,2.1234
16-Apr-17,3.12746,0.327586532,0.49864,1.560375
23-Nov-25,5.36482,0.404913609,0.55423,2.9697
02-Jul-23,4.84492,0.481775239,0.491962,2.3873
03-Nov-19,4.05766,0.392422022,0.478062,1.9432
24-Jun-12,2.0653,0.573795342,0.54724,1.1289
07-Oct-12,2.03644,0.722549642,0.5217975,1.062375
05-Dec-21,5.60676,0.470403241,0.605454,3.3946
30-Aug-15,3.719,0.306238875,0.2994,1.1182
26-Apr-26,4.983275,0.754637172,0.4847475,2.4145
21-May-17,3.27766,0.330744023,0.44813,1.4678
